epoch,loss/total_train,loss/recon_train,loss/kl_train,loss/total_val,loss/recon_val,loss/kl_val,val/mse_px,val/ssim,val/psnr,val/active_dims,val/kl_per_dim_mean,beta,lr
1,796.6951055311619,791.7317009258987,148.90200100088478,430.4091966672051,367.8527868744126,62.55641234548468,0.02043626604503707,nan,nan,64,0.9774439334869385,0.03333333333333333,0.001
2,2340581918.3330703,392.63536771616543,35108721281.22048,595.9881807485021,551.1282541375411,44.85992348463015,0.030618236645271902,nan,nan,64,0.7009363174438477,0.06666666666666667,0.001
3,373.44121889960496,368.3939842281485,50.472339816559526,395.41851072383105,336.2416221217105,59.17689058117401,0.018680089986638018,nan,nan,64,0.9246389865875244,0.1,0.001
4,353.8025193752203,346.0341105066744,58.26307311093897,383.1657964950217,322.7300880833676,60.43571182480432,0.017929449453389736,nan,nan,64,0.9443079233169556,0.13333333333333333,0.001
5,341.4240036584381,331.08963173314146,62.00623003163732,373.62765021073193,298.41417516263806,75.2134804976614,0.016578565596749906,nan,nan,64,1.1752105951309204,0.16666666666666666,0.001
6,321.36158190275495,309.2229894193492,60.692959262016124,380.1798522490308,311.6664802723361,68.51337427124942,0.017314804787922623,nan,nan,64,1.0705214738845825,0.2,0.001
7,323.1188608040487,308.0170585230777,64.72201059097634,321.50585111460293,265.8474633926736,55.658385685511995,0.014769303409340686,nan,nan,64,0.8696622848510742,0.23333333333333334,0.001
8,296.8225423483024,282.0197929439688,55.51030711123818,327.6858153379053,275.6685446832413,52.01727329340196,0.01531491968500659,nan,nan,64,0.812769889831543,0.26666666666666666,0.001
9,281.80357360839844,265.8173864837876,53.2872872603567,296.4445286800987,243.2153871005639,53.22914292758569,0.013511966353744492,nan,nan,64,0.8317053914070129,0.3,0.001
10,280.185718966606,263.2698176104323,50.74770426929445,262.0910174147527,215.1540748768283,46.93694227978699,0.011953004348771017,0.9799957400874088,44.067675855823026,64,0.7333897352218628,0.3333333333333333,0.001
11,264.59373187301753,246.49786801445754,49.352352199697854,264.09655279862255,216.6572265625,47.4393252896187,0.012036512591841077,nan,nan,64,0.7412394285202026,0.36666666666666664,0.001
12,257.89994376046315,239.44448267427603,46.13865247167143,282.66198753414295,240.07741357330093,42.584574161615585,0.013337634272761363,nan,nan,64,0.6653839945793152,0.4,0.001
13,254.9408573925047,235.54017971870596,44.77079354192978,262.0453144733171,220.4324667794364,41.61284995975351,0.012246248319296908,nan,nan,64,0.6502008438110352,0.43333333333333335,0.001
14,253.27300945081208,233.26102487664474,42.882825578962056,266.530076449975,225.37228978666147,41.157788011364474,0.012520682535841501,nan,nan,64,0.6430904865264893,0.4666666666666667,0.001
15,248.112508214506,227.47362799393503,41.27776273569666,234.99788143760279,196.8034929547991,38.194388855668834,0.010933527351826205,nan,nan,64,0.5967873334884644,0.5,0.001
16,242.5243842332883,221.17722911404488,40.02591422805212,238.77833155581826,199.18272491684533,39.59560563510522,0.01106570704483,nan,nan,64,0.6186813712120056,0.5333333333333333,0.001
17,241.00376582324952,218.78517495062118,39.209277475686896,251.24247363097686,214.16687918067873,37.075593016201395,0.011898159896744821,nan,nan,64,0.5793061256408691,0.5666666666666667,0.001
18,232.9122738945753,210.41184137100564,37.50071977314196,226.0354111750323,189.56279014644767,36.47262131540399,0.010531266331952765,nan,nan,64,0.569884717464447,0.6,0.001
19,235.065275952332,211.4499886878451,37.287296997873405,231.54795344073074,195.15400110689322,36.39395204701818,0.01084188922287378,nan,nan,64,0.5686554908752441,0.6333333333333333,0.001
20,230.5774839014039,206.99196343672904,35.378282231495795,229.01520727630844,195.57087604264566,33.44433166389179,0.010865048736445886,0.9822369267169694,44.479362315701366,64,0.5225677490234375,0.6666666666666666,0.001
21,227.64673333418997,203.20255663878936,34.920254112186285,233.20847693421786,199.0794231443477,34.12905089299482,0.011059968151096115,nan,nan,64,0.5332664251327515,0.7,0.001
22,229.42543488696106,204.39073399135046,34.138226817425036,208.08216054815995,176.83371178189614,31.24844995656408,0.009824095097811599,nan,nan,64,0.4882570505142212,0.7333333333333333,0.001
23,226.61214682213347,201.33634570128936,32.96843543088526,212.84561616137512,181.22481037799577,31.620806012834823,0.010068045081780818,nan,nan,64,0.49407511949539185,0.7666666666666667,0.001
24,223.3362030947119,197.522923003462,32.26660045824553,219.76438869390273,188.2644667087641,31.49992095258899,0.010459137247189096,nan,nan,64,0.4921862483024597,0.8,0.001
25,222.5585516449204,196.3584509828037,31.44012076872632,208.62275213944284,178.04032209582795,30.582429011065262,0.009891129287898093,nan,nan,64,0.47785046696662903,0.8333333333333334,0.001
26,217.16160606441642,190.68773697014143,30.546770812873554,204.46935335317053,174.0156326867584,30.453718271470606,0.009667535298468923,nan,nan,64,0.47583937644958496,0.8666666666666667,0.001
27,216.0469011579241,188.89731810146705,30.166204610265286,222.62827995128202,195.5237489858068,27.104530850747473,0.010862430767681366,nan,nan,64,0.42350828647613525,0.9,0.001
28,212.2872523257607,184.95140982032717,29.288402327917574,195.21978541782923,165.5792741130169,29.64051133349426,0.009198848830353944,nan,nan,64,0.4631330072879791,0.9333333333333333,0.001
29,214.056346692537,185.74728020689543,29.28524170782333,215.92078439812911,188.43970391983376,27.481079890315694,0.010468872628153715,nan,nan,64,0.42939186096191406,0.9666666666666667,0.001
30,220.29887676956062,191.3338079811039,28.96506944814123,198.03808088947955,170.1719121717869,27.866169994038746,0.009453995363380676,0.9838091220174517,45.11726801018966,64,0.43540892004966736,1.0,0.001
31,215.30741985579184,187.0205749855902,28.286844884542596,191.41964136568228,162.73661574743744,28.683027669003135,0.009040923242954383,nan,nan,64,0.44817233085632324,1.0,0.001
32,206.34321571292733,177.61733767860815,28.72587806300113,189.11798336631372,161.64943574604234,27.468549570642917,0.008980524180022846,nan,nan,64,0.4291960895061493,1.0,0.001
33,208.73172582181772,180.33180322862208,28.39992250714983,207.73293872345658,182.7370934737356,24.99584752993476,0.010152060790617663,nan,nan,64,0.390560120344162,1.0,0.001
34,200.39913538882607,171.82022806038535,28.578906855188816,185.7304681763613,159.48002486838433,26.250444268821774,0.008860001543578798,nan,nan,64,0.4101632237434387,1.0,0.001
35,195.84675735817817,167.15404934990676,28.69270764974723,184.3878856458162,156.26967523331032,28.11820988189009,0.008681648487883402,nan,nan,64,0.4393470585346222,1.0,0.001
36,195.91118466943726,166.92926960421684,28.98191479274205,189.21547406418878,159.43670401895852,29.77876980143382,0.008857594697939274,nan,nan,64,0.465293288230896,1.0,0.001
37,197.73837245855117,169.21307172273336,28.525300979614258,188.50763249218016,160.5970600099492,27.910571578750037,0.008922058969904157,nan,nan,64,0.4361026883125305,1.0,0.001
38,196.8340486225329,168.2518493537616,28.582199211407424,188.50097426794525,162.29175343907866,26.209221545914957,0.009016208567733603,nan,nan,64,0.4095190763473511,1.0,0.001
39,188.31157219678835,160.06673741161376,28.244835086334916,179.79307946226652,151.5967217925796,28.19635768402788,0.00842204001641139,nan,nan,64,0.44056808948516846,1.0,0.001
40,191.4440459057801,162.76856340680803,28.67548193967432,228.6118828336099,199.33798321028402,29.27390110044551,0.011074332485353588,0.9815019835206799,44.704752384271835,64,0.4574047029018402,1.0,0.001
41,187.0806650721041,158.40756724651595,28.673098600000365,182.97645775357583,155.65154513022057,27.324913526836195,0.008647308313756957,nan,nan,64,0.4269517958164215,1.0,0.001
42,184.39603842828507,155.78386607923005,28.61217224866824,184.79966001582324,157.76502084373533,27.034638067833463,0.008764723539912611,nan,nan,64,0.42241623997688293,1.0,0.001
43,180.08569290046404,151.61861270531676,28.467080481966637,180.40917796658394,153.21940509538004,27.189773659957083,0.00851218933169555,nan,nan,64,0.42484021186828613,1.0,0.001
44,180.30679321289062,151.86206754526697,28.444725724987517,185.74398023562324,156.69207580107496,29.051906069418543,0.008705115435939086,nan,nan,64,0.45393604040145874,1.0,0.001
45,181.1998102862136,152.97613743373327,28.223672637365816,180.19790959178954,152.22630241221952,27.971605817178137,0.008457016963091559,nan,nan,64,0.43705636262893677,1.0,0.001
46,181.25435036107115,152.604667319391,28.649683357181406,181.76791806328566,154.7337055636528,27.034213187999296,0.008596316883270453,nan,nan,64,0.4224095940589905,1.0,0.001
47,178.65595354352678,150.21722819392843,28.438725191847723,183.98588344029017,157.3134346868759,26.672449212325247,0.008739635180261798,nan,nan,64,0.4167570471763611,1.0,0.001
48,173.55106806934327,145.00339083564012,28.54767724804412,179.52530492338022,151.20581410343485,28.31949198156371,0.008400323324577701,nan,nan,64,0.4424920678138733,1.0,0.001
49,175.4502000737011,146.86876334283585,28.581436544432677,182.44578575191642,154.64618470615014,27.79959958298762,0.00859145460916417,nan,nan,64,0.434368759393692,1.0,0.001
50,173.90919219282335,145.2138093073565,28.695383114922315,183.64595731577478,156.21045036602737,27.435505214490387,0.008678358440336428,0.9846191428657761,45.566117480285186,64,0.42867976427078247,1.0,0.001
51,174.2014639718192,145.7315441504457,28.469919505872223,181.6630127412036,152.31791423137923,29.3450965737938,0.008462106472903625,nan,nan,64,0.4585171341896057,1.0,0.001
52,169.29179456897248,140.9851930661309,28.30660072842935,177.23906392262396,149.9007466251689,27.33831584901738,0.008327819245930453,nan,nan,64,0.42716121673583984,1.0,0.001
53,168.83837867679452,140.36573298174636,28.47264622566395,177.06945387761397,148.865397288387,28.20405604427022,0.008270299818394776,nan,nan,64,0.4406883716583252,1.0,0.001
54,165.91920494136954,137.25721086774553,28.66199401626013,170.28106345269913,142.22552364033865,28.055538363922807,0.00790141820137326,nan,nan,64,0.4383677840232849,1.0,0.001
55,163.57751912281927,135.09366131545906,28.483857965110836,181.7569173941935,154.78701208587876,26.969905638156977,0.008599278650113515,nan,nan,64,0.42140477895736694,1.0,0.001
56,162.624883379255,134.1806836235792,28.444199784357746,174.15411617881372,145.8340480488942,28.32006871789918,0.008101891551194782,nan,nan,63,0.4425010681152344,1.0,0.001
57,161.59625427705004,133.21681161751425,28.379442243647755,174.5409144351357,148.14897660563764,26.391937843839028,0.00823049863478295,nan,nan,64,0.4123740792274475,1.0,0.001
58,160.12337493896484,131.6530886198345,28.47028620440261,171.42317440635279,143.5022031167396,27.920972207435092,0.007972344847157933,nan,nan,64,0.436265230178833,1.0,0.001
59,160.65453866370638,132.24517214208618,28.40936647859731,191.47910957049606,163.42600152725564,28.05310898974426,0.009079222406323691,nan,nan,64,0.43832987546920776,1.0,0.001
60,156.7395242676699,128.50339003254595,28.23613420644201,173.89606332420408,146.01296606996004,27.883097010447567,0.008111831473004549,0.9852509852638818,45.77543817964712,64,0.43567338585853577,1.0,0.001
61,157.53583859321768,129.34500494935457,28.19083377293178,170.33403623193726,142.32537864742423,28.00865906163266,0.007906965494744088,nan,nan,63,0.43763530254364014,1.0,0.001
62,157.3920529014186,129.12455078354455,28.26750297833206,172.0017095580137,144.84288426449424,27.158824418720446,0.008046827142483982,nan,nan,63,0.424356609582901,1.0,0.001
63,153.5968288335585,125.32769064078654,28.26913757611038,167.6714866466092,140.53757872617334,27.13390955530611,0.007807643401359481,nan,nan,63,0.4239673614501953,1.0,0.001
64,156.92823814449454,128.66553663669671,28.26270162252555,175.12715997911036,147.47581390151404,27.65134675162179,0.008193100886629489,nan,nan,63,0.4320523142814636,1.0,0.001
65,156.96035324899773,128.7255627051332,28.234790228363266,167.55261494342545,140.24998806831533,27.302628524321364,0.00779166618095977,nan,nan,63,0.4266035556793213,1.0,0.001
66,153.77163099704828,125.4829121639854,28.288718919108685,167.63242265514862,140.74387480083266,26.88854776827016,0.007819104246459062,nan,nan,64,0.4201335608959198,1.0,0.001
67,153.00727155871857,124.63516889299665,28.372102895177395,169.47954025842193,142.92444008275083,26.555100663263996,0.007940246685078941,nan,nan,63,0.41492342948913574,1.0,0.001
68,152.61793558221115,124.41527029625455,28.202665271615622,171.05497328679365,144.308236487826,26.74673661253506,0.008017124272042648,nan,nan,63,0.41791775822639465,1.0,0.001
69,149.83563014439173,121.93309416806787,27.902536091051605,166.5338279322574,139.7788135270427,26.755015581174003,0.00776548965140841,nan,nan,62,0.41804713010787964,1.0,0.001
70,148.10457089072779,119.87430974056846,28.230260935044825,173.43144180183123,145.79832056949013,27.633121576524317,0.008099907056841636,0.9849665420395988,45.76052824895185,63,0.4317675232887268,1.0,0.001
71,149.23479272369156,120.9881839035149,28.24660847599345,170.23026568190497,142.48249793948983,27.747768588532182,0.007915694417109839,nan,nan,63,0.4335588812828064,1.0,0.001
72,148.8754659667051,120.89363310390846,27.98183276240987,176.1551385176809,147.94646562848772,28.208672588032886,0.008219248300096146,nan,nan,63,0.4407604932785034,1.0,0.001
73,147.32256477757505,119.3214841570173,28.001080290715496,172.45351163247474,147.10658665707237,25.346924043239508,0.0081725883458678,nan,nan,62,0.3960456848144531,1.0,0.001
74,146.66516101808477,118.62634833773276,28.03881219275912,167.0122604943756,139.55540259798667,27.45685709329476,0.007753077946967424,nan,nan,61,0.4290134012699127,1.0,0.001
75,146.56243242536272,118.47488770449073,28.08754398948268,163.9349940020339,138.15382844164856,25.78116373908251,0.007675212772941231,nan,nan,61,0.40283066034317017,1.0,0.001
76,144.794620083687,116.93693938291162,27.85768072945731,171.02306452012598,144.10438101632255,26.918684206510846,0.008005798811835229,nan,nan,60,0.4206044673919678,1.0,0.001
77,146.103144824953,118.01171823372518,28.09142758075456,165.17195634196577,137.72670946623148,27.445247334645206,0.007651483703096558,nan,nan,61,0.4288319945335388,1.0,0.001
78,145.6678960699784,117.7658777452053,27.902018841047934,166.21813976316523,138.35967340684473,27.85846645670726,0.007686648475832509,nan,nan,60,0.43528854846954346,1.0,0.001
79,143.8330866878194,115.84654235839844,27.98654474530901,167.32183447816317,139.11907809838317,28.2027568673729,0.007728837633547478,nan,nan,61,0.4406680762767792,1.0,0.001
80,142.66743279937515,114.97624711345013,27.691186144835967,165.16038203418702,137.94384685315583,27.216535912420518,0.0076635471139019145,0.9856170743031609,46.006079766983376,60,0.4252583682537079,1.0,0.001
81,142.11128848656676,114.05832999093192,28.052959011909657,168.86767727271058,140.19054177649934,28.677136442715064,0.0077883634100058925,nan,nan,60,0.44808030128479004,1.0,0.001
82,140.9883206016139,112.95602193273099,28.032298898338375,164.76555880209557,137.3367544762174,27.42880444060591,0.007629819893579286,nan,nan,60,0.4285750985145569,1.0,0.001
83,138.73182919150904,110.87796490891536,27.853864053138217,168.53069586502878,141.86056197317023,26.67013456588401,0.007881142444124347,nan,nan,59,0.41672083735466003,1.0,0.001
84,139.4489663489779,111.70770504600124,27.741261030498304,165.95393233908746,140.14195217046523,25.81198067055609,0.007785663975024582,nan,nan,59,0.40331220626831055,1.0,0.0005
85,132.87521494241585,105.54744209920554,27.327773015301926,160.565587782322,134.88946739713052,25.67611903714058,0.007493859286511079,nan,nan,58,0.401189386844635,1.0,0.0005
86,130.26180542680555,102.90443655602017,27.357369214968575,161.49309201348098,134.48279623160684,27.01029536598607,0.00747126652474018,nan,nan,56,0.4220358729362488,1.0,0.0005
87,129.08649966591284,101.7659507694101,27.32054885347983,159.6077474723185,132.91242694137688,26.695320301486138,0.007384023741167739,nan,nan,56,0.41711437702178955,1.0,0.0005
88,129.0456182150016,101.79916829274113,27.246449721486943,163.1322931275332,135.85881662010252,27.27347653611262,0.0075477119255110735,nan,nan,56,0.42614811658859253,1.0,0.0005
89,128.42289986287741,101.18639717962509,27.236502654570387,160.36555882504112,133.915332994963,26.450228368429315,0.007439740768920882,nan,nan,56,0.4132848381996155,1.0,0.0005
90,127.41714368547711,100.10636408526199,27.31077970060191,159.36120903760866,132.16925599521264,27.191952698212816,0.007342736530852945,0.9863072629261734,46.192139159467885,56,0.42487427592277527,1.0,0.0005
91,127.02893531053586,99.49950081961495,27.529433630462876,159.57942933964551,132.49148330114838,27.08794699934192,0.007360638059759722,nan,nan,56,0.42324918508529663,1.0,0.0005
92,126.32409805642035,99.03755601008136,27.286542189748662,159.47302360821487,133.10548332042265,26.36753918353776,0.007394748998987943,nan,nan,56,0.4119928181171417,1.0,0.0005
93,126.15986862756256,98.77162405602017,27.388244872702693,161.11683000837053,135.21786636696723,25.89896477433972,0.007512103650662908,nan,nan,55,0.404671311378479,1.0,0.0005
94,125.76416560581752,98.43099608457177,27.33316972201928,159.1845306167029,133.73507862521294,25.44945105932709,0.007429726610898524,nan,nan,55,0.3976476788520813,1.0,0.0005
95,124.57287115799754,97.27736944901316,27.295501752007276,159.95332279061913,134.01864211003584,25.934680451127818,0.0074454802228487976,nan,nan,55,0.405229389667511,1.0,0.0005
96,124.34472770977737,96.9479977026918,27.396729935380748,160.7003312648687,134.44233382375617,26.257996752746124,0.007469018462597204,nan,nan,53,0.4102812111377716,1.0,0.0005
97,123.88116965616555,96.49760442748105,27.383565171320637,163.2671577625705,135.5924035552749,27.674753877453337,0.007532911609746236,nan,nan,53,0.4324180483818054,1.0,0.0005
98,123.94265144749691,96.59581940156177,27.34683214632192,160.3467248902285,132.79464687261367,27.55207768777259,0.00737748045082155,nan,nan,54,0.43050119280815125,1.0,0.0005
99,123.60707367631726,96.41143380071884,27.1956392732778,159.75079999651228,134.0685850444593,25.6822153392591,0.007448254779849509,nan,nan,51,0.4012846350669861,1.0,0.0005
100,122.4199630622577,95.17796365838302,27.241999418215645,161.1469541850843,135.13638030317492,26.010574943140934,0.007507576691196826,0.9863719420325487,46.09979910599558,51,0.40641525387763977,1.0,0.0005
